GERES;CÓDIGO;MUNICÍPIO;Trabalhadores de saúde;;;População indígena;;Quilombolas;;Idosos institucionalizados;;;Adolescentes de 12 a 17 anos ;;Pessoas com 18 a 29 anos ;;Pessoas com 30 a 39 anos ;;Pessoas com 40 a 49 anos ;;Pessoas com 50 a 59 anos;;Idosos(60 a 64);;;Idosos (65 a 69);;;Idosos (70 a 74 anos);;;Idosos (75 a 79 anos);;;Idosos (80 a 84 anos);;;Idosos (85 anos e mais);;;Deficientes institucionalizados;;Força de Segurança e Salvamento;;Comorbidades;;Imunossuprimido Grave ;Pessoa Com Deficiência;;Gestantes e Puérperas;;Pessoas em Situação de Rua (18 a 59 anos);;Funcionários do Sistema de Privação de Liberdade ;;População Privada de Liberdade ;;Trabalhadores da Educação de Ensino Básico  ;;Trabalhadores da Educação de Ensino Superior  ;;Forças Armadas ;;Trabalhadores de Transporte Coletivo  Rodoviário de Passageiros;;Trabalhadores de Transporte Metroviário e Ferroviário;;Trabalhadores de Transporte Aéreo;;Trabalhadores de Transporte Aquaviário;;Caminhoneiros;;Trabalhadores Portuários;;Trabalhadores Industriais;;Trabalhadores da Limpeza Urbana e Manejo de Resíduos Sólidos;;
;;;DOSE 1;DOSE 2;REFORÇO;DOSE 1;DOSE 2;DOSE 1;DOSE 2;DOSE 1;DOSE 2;REFORÇO;DOSE 1;DOSE 2;DOSE 1;DOSE 2;DOSE 1;DOSE 2;DOSE 1;DOSE 2;DOSE 1;DOSE 2;DOSE 1;DOSE 2;REFORÇO;DOSE 1;DOSE 2;REFORÇO;DOSE 1;DOSE 2;REFORÇO;DOSE 1;DOSE 2;REFORÇO;DOSE 1;DOSE 2;REFORÇO;DOSE1;DOSE 2;REFORÇO;DOSE 1;DOSE 2;DOSE 1;DOSE 2;DOSE 1;DOSE 2;REFORÇO;DOSE 1;DOSE 2;DOSE 1;DOSE 2;DOSE 1;DOSE 2;DOSE 1;DOSE 2;DOSE 1;DOSE 2;DOSE 1;DOSE 2;DOSE 1;DOSE 2;DOSE 1;DOSE 2;DOSE 1;DOSE 2;DOSE 1;DOSE 2;DOSE 1;DOSE 2;DOSE 1;DOSE 2;DOSE 1;DOSE 2;DOSE 1;DOSE 2;DOSE 1;DOSE 2;DOSE 1;DOSE 2;
I;94429.0;ABREU E LIMA;842;752;209;0;0;0;1;110;108;78;5251;0;13270;4084;10727;6032;9351;6894;8215;6852;3823;3961;3;2978;2886;11;2204;1977;188;1263;1016;175;815;572;44;651;449;3;0;0;13;12;3049;2523;31;126;5;828;436;13;4;137;136;3526;3216;988;993;0;0;0;0;759;550;0;0;0;0;0;0;7;7;0;0;2101;1944;170;167;
I;18156.0;ARACOIABA;345;323;197;0;0;0;0;0;0;0;1654;80;2487;1273;2095;1765;1527;1518;1564;1185;556;535;47;460;392;0;344;270;30;233;196;31;179;165;0;97;80;1;0;0;0;0;960;64;4;0;0;215;90;0;0;0;0;0;0;430;271;0;0;0;0;3;0;0;0;0;0;0;0;16;0;0;0;6;0;23;12;
I;185025.0;CABO DE SANTO AGOSTINHO;2680;2793;1528;0;0;216;202;36;34;32;12273;1;29833;9970;26768;9642;45094;38711;0;0;10441;8497;30;8745;10304;591;1734;1737;1020;2409;1382;465;1114;1065;35;894;827;10;0;0;227;203;9040;6926;249;83;0;1546;959;0;0;255;217;223;124;3683;3393;247;0;0;0;380;279;0;0;0;0;0;0;0;0;0;0;90;67;333;207;
I;144466.0;CAMARAGIBE;4382;3114;180;0;0;0;0;128;124;68;5925;0;17303;4652;13869;4356;12691;6146;11610;10878;5747;5746;8;3987;5176;22;3060;2453;52;2677;2856;65;1304;1134;6;1335;836;46;89;89;46;3;15194;4876;0;388;4;1062;117;17;1;6;0;0;0;1665;581;0;0;0;0;660;302;2;0;0;0;0;0;103;0;0;0;1942;72;153;0;
I;12404.0;CHA DE ALEGRIA;375;339;74;0;0;0;0;0;0;0;741;0;1510;374;1103;535;818;846;344;346;442;462;10;386;385;5;367;316;30;192;196;12;124;110;3;99;101;1;0;0;23;23;1219;719;2;27;27;118;58;0;0;0;0;0;0;256;206;0;0;0;0;17;10;0;0;0;0;2;2;47;30;0;0;214;150;40;40;
I;20137.0;CHA GRANDE;482;423;163;0;0;0;0;5;5;6;691;1;2802;1220;2079;1079;1927;1438;1270;1270;744;741;3;585;585;4;453;453;47;481;479;4;256;243;10;193;181;6;34;34;20;7;1677;188;3;15;1;200;39;2;0;0;0;2;0;435;248;0;0;0;0;104;56;0;0;0;0;0;0;147;70;2;0;55;44;48;39;
I;2630.0;FERNANDO DE NORONHA;197;197;0;0;0;0;0;0;0;0;168;0;826;602;1035;824;643;561;417;419;178;178;0;68;68;0;40;40;0;11;11;0;13;13;0;9;9;0;0;0;64;64;207;207;0;5;7;35;28;0;0;0;0;0;0;113;113;0;0;33;33;16;16;0;0;145;145;0;0;0;0;65;65;105;105;103;103;
I;29019.0;GLORIA DO GOITA;583;557;220;0;0;0;0;0;0;0;1572;0;3908;416;2889;1255;2851;1895;1338;1525;983;1134;2;816;775;3;753;591;42;525;454;13;355;258;6;283;259;0;0;0;6;7;1189;1092;27;43;42;187;219;0;0;9;10;9;8;561;542;0;0;0;0;44;36;0;0;0;0;0;0;273;225;0;0;1315;1193;73;59;
I;102021.0;IGARASSU;2245;1972;826;0;0;0;0;257;246;0;7185;3;13000;3866;10216;3945;11090;8758;8828;7850;5396;4586;27;3668;3522;135;2404;2445;610;1643;1626;476;958;889;35;801;692;5;0;0;59;57;4446;3571;13;302;72;1048;616;4;0;0;0;0;0;1691;1394;43;0;0;0;169;2;0;0;0;0;36;16;190;66;0;0;6551;4639;375;51;
I;21884.0;ILHA DE ITAMARACA;573;432;78;0;0;0;0;21;21;0;828;18;4513;875;2536;649;2319;941;1691;1519;1005;990;0;729;689;2;527;527;55;260;198;33;136;135;9;145;113;2;0;0;54;50;936;103;0;10;10;207;100;0;0;0;0;0;0;266;266;0;0;0;0;0;0;0;0;0;0;0;0;0;0;0;0;0;0;192;192;
I;80637.0;IPOJUCA;2962;2398;590;0;0;308;303;9;9;9;1857;118;20101;3410;11088;3352;10961;6493;7307;5891;2566;2802;16;1834;2307;50;1361;1284;95;837;732;60;652;473;30;467;362;55;0;0;455;296;2795;545;110;67;36;944;320;3;3;0;0;0;0;1217;312;51;37;0;0;2;2;0;0;0;0;0;0;60;40;7816;5330;3200;1800;263;35;
I;23769.0;ITAPISSUMA;701;701;283;1;0;0;0;43;39;0;2178;57;3627;1127;3352;2235;1886;1879;1092;1090;776;772;129;676;676;122;557;557;296;315;315;116;140;97;34;144;139;37;0;0;58;58;2558;1136;55;95;95;301;132;36;22;0;0;0;1;459;341;0;0;5;2;0;0;0;0;0;0;0;0;0;0;0;0;1644;1053;96;96;
I;644620.0;JABOATAO DOS GUARARAPES;12034;10785;3514;20;11;0;0;653;645;579;29902;108;61865;22103;55839;37431;63351;46791;51068;41262;27806;25901;16;20526;19440;59;15025;13469;4470;8962;8435;1284;6120;5307;1139;5386;3515;172;31;31;648;519;32934;23185;872;2416;1887;5204;3247;104;3;0;0;2;1;7111;6354;1909;1333;0;0;1378;1025;222;182;509;364;190;153;2027;1602;0;0;21735;17703;2045;1611;
I;56696.0;MORENO;988;944;495;0;0;0;0;7;7;1;4514;0;7932;2803;5705;2218;5708;4341;5853;4463;2262;2264;11;2029;1733;64;1287;1292;283;888;705;196;820;414;43;467;248;3;0;0;65;30;2021;1095;10;98;33;405;208;0;0;0;0;0;0;750;637;0;0;0;0;221;72;0;0;0;0;0;0;125;36;0;0;1928;1529;98;60;
I;377779.0;OLINDA;8447;8249;1665;0;0;2126;1986;305;299;59;17456;115;45068;19650;39054;28050;41566;33647;34803;34803;17711;16856;4;12341;12341;15;9313;9313;270;6361;5419;814;4282;3695;83;4010;3316;35;0;0;292;155;16342;13043;215;460;53;3917;2011;140;1;0;0;0;0;4129;1635;93;93;0;0;1460;237;0;0;0;0;0;0;247;106;0;0;2260;784;476;234;
I;300466.0;PAULISTA;5841;5456;2259;0;0;0;0;356;357;160;18110;1;32451;7047;30261;15184;27990;28990;25638;23123;14664;14139;154;11793;10681;1388;8940;6458;1727;5992;3734;767;5982;3714;153;3219;2034;111;32;32;296;207;8544;6087;175;485;466;1802;1224;53;20;0;0;1;1;3411;2781;33;106;37;28;364;284;0;0;0;0;105;80;446;380;2;8;7100;6302;368;91;
I;24046.0;POMBOS;463;404;17;0;0;170;25;0;0;0;1316;7;2818;1225;1935;1019;1980;924;1723;1412;1660;880;0;845;724;0;768;79;9;398;387;11;384;208;0;302;252;2;0;0;0;0;1680;512;0;37;30;224;28;0;0;2;2;0;0;454;213;0;0;0;0;183;106;0;0;0;0;0;0;201;49;0;0;877;411;58;20;
I;1537704.0;RECIFE;111536;106702;27858;0;0;0;0;839;830;673;104663;1188;205275;83133;166206;92662;145369;104680;134567;116434;81976;75941;2292;68322;64076;13473;53541;52772;30307;34740;32520;7601;23178;23094;12918;20014;17869;3583;460;458;1512;1386;67531;63430;3025;10669;9408;14626;10194;588;391;0;0;0;0;35134;32793;11179;10601;0;0;1647;1340;1317;1173;2549;2286;68;54;4951;4252;974;942;10525;8009;2507;1897;
I;102895.0;SAO LOURENCO DA MATA;1922;1914;417;0;0;0;0;66;64;32;7835;0;15552;4366;13429;6267;13399;9540;9614;8119;4338;3998;14;3247;3127;114;2300;1938;513;1386;1315;368;922;784;35;673;584;4;10;9;32;15;3675;2028;7;201;19;841;443;10;6;0;0;0;0;1601;1330;0;0;0;0;503;508;2;2;0;0;0;0;224;57;2;2;1327;839;141;114;
I;129974.0;VITORIA DE SANTO ANTAO;3388;2418;658;0;0;0;0;171;168;90;7716;0;18858;10748;14208;9219;15812;12306;10849;10449;5402;4786;7;4386;4115;57;3263;3248;312;3218;1737;216;1326;1252;36;1334;1288;35;0;0;414;321;4251;2452;50;488;486;1099;605;18;15;80;51;0;0;2552;1578;800;267;127;82;927;61;0;0;0;0;0;0;875;407;0;0;1668;710;192;101;

II;37826.0;BOM JARDIM;536;488;100;0;0;0;0;0;0;0;1671;0;4429;1404;4045;1598;4105;1714;3646;2486;1452;1260;0;1306;1257;3;1098;1027;0;762;710;0;507;466;0;428;374;30;0;0;6;6;2185;1703;12;181;143;198;165;0;0;0;0;0;0;478;370;32;25;1;1;447;350;0;0;0;0;0;0;49;35;0;0;431;325;61;48;
II;12537.0;BUENOS AIRES;199;185;93;0;0;0;0;0;0;0;1125;8;1788;934;1313;829;1040;533;678;531;551;516;0;452;448;0;361;361;0;239;231;0;140;134;0;96;91;0;0;0;1;1;1328;1146;0;114;69;137;114;0;0;0;0;0;0;195;192;0;0;0;0;7;0;0;0;0;0;0;0;28;10;0;0;0;2;21;18;
II;74858.0;CARPINA;1402;1323;644;0;0;0;0;67;65;30;5185;0;9171;3412;6881;3827;6146;3984;4591;3497;3123;1804;0;2634;2590;8;1730;1641;166;1145;1142;190;797;624;31;621;574;13;0;0;67;66;8651;4835;7;319;184;676;413;0;0;0;0;0;0;1216;1090;81;65;0;2;15;14;0;0;0;0;0;0;249;184;0;0;1319;1198;86;78;
II;13766.0;CASINHAS;254;211;45;0;0;0;0;0;0;0;1717;0;1035;88;1012;48;772;91;828;256;517;621;0;517;621;0;616;303;0;289;283;0;201;197;0;207;195;0;0;0;0;0;1212;1003;0;148;4;125;46;0;0;0;0;0;0;268;189;0;0;0;0;215;0;0;0;0;0;0;0;4;0;0;0;472;163;11;10;
II;17183.0;CUMARU;311;285;163;0;0;0;0;0;0;0;29;0;896;485;1352;628;1310;819;1185;796;695;651;0;557;552;0;478;467;2;319;319;48;280;253;24;202;203;0;0;0;0;0;926;707;18;84;38;110;89;0;0;0;0;0;0;237;228;0;0;0;0;36;22;0;0;0;0;0;0;109;63;0;0;21;10;27;23;
II;20571.0;FEIRA NOVA;363;330;165;0;0;0;0;0;0;0;1217;0;3203;992;2265;1005;1979;1459;1276;1005;949;699;31;892;787;32;611;528;45;400;365;42;297;250;19;265;245;24;0;0;38;26;1998;1599;6;54;47;176;125;0;0;22;12;0;0;368;315;5;6;1;1;308;267;0;0;0;0;0;0;85;69;1;1;258;198;28;25;
II;30743.0;JOAO ALFREDO;587;587;277;0;0;740;740;0;0;0;2319;3;2856;908;2114;1093;1756;1155;1502;1025;1082;901;9;961;891;7;948;856;63;583;582;45;452;450;13;356;354;5;0;0;0;0;2375;2375;7;82;82;230;193;0;0;0;0;0;0;564;519;0;0;0;0;299;299;0;0;0;0;0;0;227;225;0;0;806;806;129;129;
II;16007.0;LAGOA DO CARRO;357;344;134;0;0;38;38;7;7;6;1463;2;2442;923;1761;733;1390;997;1255;1001;622;637;1;552;557;7;392;389;17;323;275;67;182;162;0;110;110;1;0;0;10;10;1029;781;5;109;50;155;129;1;0;11;14;52;48;318;315;0;0;0;0;14;6;0;0;0;0;0;0;15;15;0;0;147;135;46;30;
II;20659.0;LAGOA DO ITAENGA;420;410;150;0;0;0;0;0;0;0;946;0;2669;741;3562;902;1919;705;2214;1637;824;639;20;664;639;35;478;463;82;282;255;43;204;151;10;160;152;1;0;0;53;50;859;800;3;153;122;220;135;1;0;0;0;0;0;415;341;0;0;0;0;28;21;0;0;1;1;0;0;102;82;0;0;2146;1131;14;11;
II;55439.0;LIMOEIRO;2020;1939;673;0;0;0;0;0;0;0;3300;0;7510;4260;5615;3108;5145;4336;4173;3660;2371;2171;0;2248;2177;0;1743;1746;300;1125;1083;380;772;744;99;702;695;16;0;0;203;206;3843;3187;91;368;305;527;452;2;2;66;83;1987;1417;1214;1114;35;17;0;0;178;132;0;0;0;0;0;0;156;117;0;0;446;439;161;153;
II;13596.0;MACHADOS;345;287;46;0;0;0;0;3;2;2;58;0;840;195;1025;313;826;294;572;342;559;524;0;332;260;0;334;300;0;140;124;0;142;135;7;152;140;15;0;0;11;11;775;58;11;15;5;110;7;1;0;0;1;0;0;252;184;0;0;11;8;231;20;0;0;1;1;0;0;186;86;0;0;195;34;11;11;
II;30796.0;NAZARE DA MATA;915;818;268;0;0;0;0;55;53;53;2132;12;2203;478;2119;785;2511;1223;1859;1325;1605;967;5;1223;1104;0;821;813;104;554;457;22;369;369;12;364;243;6;0;0;396;339;638;248;0;1511;253;212;157;1;1;1;1;3;2;758;171;105;105;60;38;254;4;0;0;1;1;0;0;51;5;0;0;1641;274;63;9;
II;22878.0;OROBO;547;423;99;0;0;0;0;43;43;0;1732;1;2419;1333;1683;522;1148;530;980;716;871;784;0;800;799;3;609;602;5;461;460;23;317;315;1;349;347;0;0;0;12;14;2574;1949;3;151;50;190;108;0;0;0;0;0;0;362;157;0;0;0;0;400;199;0;0;0;0;0;0;15;3;0;0;51;35;145;33;
II;28628.0;PASSIRA;595;595;240;0;0;684;684;0;0;0;1958;1;3856;1410;2972;1900;1944;1944;1400;1400;965;965;0;906;906;0;765;765;0;530;530;0;396;396;0;306;306;204;0;0;25;25;2365;2365;120;110;110;210;210;0;0;0;0;0;0;409;409;0;0;0;0;195;195;0;0;0;0;0;0;121;111;0;0;12;12;55;55;
II;51357.0;PAUDALHO;756;728;319;0;0;0;0;40;40;40;3500;40;7400;2000;7659;2000;6000;3093;3884;3021;2177;2015;16;1609;1459;75;1078;959;194;723;667;101;477;419;12;329;293;2;11;11;1;1;2604;2234;0;42;21;534;323;0;2;0;2;0;0;1001;921;0;0;36;35;43;35;0;0;0;0;0;0;74;55;0;0;1408;1020;95;57;
II;9312.0;SALGADINHO;148;153;7;0;0;0;2;8;6;0;537;3;1085;343;564;564;696;696;229;229;310;289;28;261;210;5;188;184;12;139;139;15;108;93;0;63;60;0;0;0;0;1;563;507;5;5;5;61;53;0;0;0;0;0;1;170;158;0;0;0;0;63;55;0;0;0;0;0;0;13;9;0;0;53;44;19;17;
II;58515.0;SURUBIM;1522;1395;502;0;0;0;0;35;35;29;4601;0;7508;2665;5834;1305;4658;1392;3014;1733;2363;1981;10;2075;2075;5;1774;1727;30;1229;1158;93;908;885;62;804;660;72;0;0;239;218;7734;7062;26;423;337;490;324;0;0;10;10;0;0;928;874;10;10;0;0;280;100;0;0;0;0;0;0;539;105;0;0;913;289;101;71;
II;13055.0;TRACUNHAEM;274;226;45;0;0;0;0;0;0;0;286;0;2113;635;1947;892;1663;1123;1427;1092;486;402;0;383;257;0;283;247;0;205;186;0;150;148;0;86;77;0;0;0;63;56;363;261;0;10;2;125;66;0;0;0;0;0;0;255;241;0;0;1;1;72;59;0;0;0;0;0;0;32;27;0;0;5;58;14;0;
II;7873.0;VERTENTE DO LERIO;261;251;95;0;0;0;0;0;0;0;229;0;1071;159;734;148;545;201;430;314;376;357;1;288;287;0;238;233;9;176;174;5;108;100;2;113;112;4;0;0;0;0;765;666;7;36;20;74;59;0;0;0;0;0;0;151;124;0;0;0;0;94;72;0;0;0;0;0;0;29;25;0;0;99;84;64;53;
II;30732.0;VICENCIA;686;657;281;0;0;897;815;0;0;0;1981;0;3717;749;2744;1214;2166;1507;1765;1352;999;1009;2;831;782;10;592;593;82;362;357;108;234;221;11;188;182;47;0;0;21;19;1661;1460;10;174;132;266;186;3;2;2;1;18;14;448;476;0;0;2;5;19;10;0;0;0;0;0;0;27;11;0;0;328;263;79;39;

III;33095.0;AGUA PRETA;674;595;143;0;0;0;0;17;17;4;3455;21;5556;1886;3978;2016;3256;1789;2467;1678;1082;756;15;1256;645;2;678;570;16;377;298;15;355;273;15;274;205;6;47;27;60;50;3569;765;9;41;29;198;47;1;0;6;5;1;1;411;309;29;17;0;0;198;57;0;0;0;0;0;0;10;6;0;0;198;128;32;11;
III;21939.0;AMARAJI;336;298;169;0;0;0;0;0;0;0;1531;0;2447;796;2103;1051;1922;1602;1571;1342;746;584;2;445;439;3;439;405;56;246;158;74;196;126;20;143;140;2;0;0;30;16;564;404;4;28;5;151;75;0;0;0;0;0;0;357;285;0;0;0;0;46;30;0;0;0;0;0;0;23;7;0;0;75;67;79;56;
III;40732.0;BARREIROS;729;701;174;0;0;0;0;41;43;30;2819;0;5338;1788;3587;1843;2900;2178;1703;1745;6423;5484;0;1044;936;0;749;711;6;572;517;16;461;294;3;296;252;0;10;10;73;62;1229;448;2;61;31;287;134;0;0;1;1;0;0;857;803;4;4;0;0;34;26;0;0;0;0;0;0;10;0;0;0;85;60;95;81;
III;11353.0;BELEM DE MARIA;191;184;109;0;0;0;0;0;0;0;747;3;1364;409;933;330;892;583;731;602;365;338;0;293;276;0;256;237;27;181;171;46;131;121;27;115;106;4;0;0;0;1;373;315;3;10;10;84;55;0;0;0;0;0;0;168;148;0;0;0;0;0;0;0;0;0;0;0;0;8;8;0;0;0;0;44;41;
III;37820.0;CATENDE;864;649;152;0;0;0;0;16;16;12;2425;0;3833;1961;2912;2039;2580;1935;2259;2290;1263;1247;5;958;865;15;756;653;49;504;421;76;279;303;24;390;231;7;0;0;111;24;1060;139;8;9;2;318;74;0;0;0;0;2;2;644;166;0;0;36;18;177;45;0;0;0;0;0;0;65;3;0;0;114;49;59;30;
III;12452.0;CORTES;241;241;129;0;0;0;0;0;0;0;908;4;1538;560;1093;454;907;511;531;413;405;354;1;325;315;14;244;215;35;140;137;37;93;84;1;67;58;1;0;0;12;0;904;904;0;21;21;79;78;0;0;0;0;0;0;191;191;0;0;0;0;36;36;0;0;0;0;0;0;0;0;0;0;74;13;79;79;
III;63517.0;ESCADA;948;772;29;0;0;0;0;43;42;0;3620;0;7619;2216;6917;3192;5369;4453;4959;4068;1936;2180;11;1598;1403;9;1272;1109;8;898;578;12;706;516;13;403;378;12;6;6;78;29;3044;490;15;146;18;409;214;0;0;6;1;59;58;898;477;13;11;0;0;154;40;1;1;2;1;0;0;188;39;2;3;1327;667;77;19;
III;27912.0;GAMELEIRA;454;454;158;0;0;0;0;0;0;0;1461;27;3318;1282;1957;927;1857;930;1900;1313;658;658;10;592;592;6;397;395;21;392;288;25;192;150;7;199;128;4;0;0;29;29;966;468;7;18;15;118;25;0;0;0;0;0;0;496;395;1;1;7;7;91;71;0;0;0;0;0;0;7;7;0;0;160;140;52;48;
III;11501.0;JAQUEIRA;298;290;102;0;0;0;0;0;0;0;707;4;1352;669;885;653;793;668;669;614;336;325;2;266;247;2;240;236;44;173;163;49;99;98;12;61;57;4;0;0;10;10;380;297;3;7;7;105;65;0;0;0;0;0;0;331;299;0;0;0;0;13;13;0;0;0;0;0;0;7;6;0;0;26;22;95;78;
III;15773.0;JOAQUIM NABUCO;287;181;36;0;0;0;0;0;0;0;1266;6;1838;618;1427;851;1234;1065;1089;929;557;392;3;601;129;3;347;105;29;214;126;13;206;104;3;67;56;3;0;0;34;13;381;17;3;0;0;82;31;0;0;0;0;0;0;557;199;0;0;0;0;39;7;0;0;0;0;0;0;19;0;0;0;592;142;28;14;
III;15615.0;LAGOA DOS GATOS;289;289;120;0;0;374;374;1;1;0;1404;0;1658;1355;1019;659;1012;840;585;669;549;569;0;377;380;0;376;375;7;211;211;2;213;210;0;166;166;1;0;0;5;4;921;921;4;40;35;104;92;1;1;0;0;0;0;311;311;1;1;3;3;36;36;0;0;0;0;0;0;36;36;0;0;3;3;15;15;
III;12230.0;MARAIAL;240;239;66;0;0;0;0;6;6;2;937;7;1199;581;866;548;816;481;682;578;397;385;23;288;269;25;215;213;25;140;137;22;83;79;14;78;76;13;0;0;42;41;333;325;2;17;15;133;74;0;0;0;0;0;0;193;189;0;0;0;0;19;17;0;0;0;0;0;0;13;10;0;1;21;26;64;58;
III;59526.0;PALMARES;2858;2264;661;1;0;0;0;30;30;21;4375;70;7659;2731;5517;3183;5529;3561;4122;3368;1939;1706;84;1356;1377;202;1144;1097;328;766;712;245;510;434;60;345;308;20;10;8;504;430;1832;607;2;7;7;485;168;0;0;0;0;820;797;995;674;90;76;1;1;135;11;0;0;0;0;0;0;5;1;0;0;97;97;41;14;
III;13439.0;PRIMAVERA;403;403;86;0;0;0;0;0;0;0;1101;2;1868;800;1071;860;823;823;701;701;373;373;29;236;235;18;240;232;87;240;224;16;145;130;32;96;90;6;0;0;14;8;826;62;15;43;35;100;40;0;0;0;0;0;0;230;80;0;0;10;5;34;20;0;0;0;0;0;0;26;5;1;1;600;403;51;30;
III;24186.0;QUIPAPA;359;326;164;0;0;0;0;0;0;0;1805;2;2655;1153;2014;1219;1728;1384;1136;1499;764;783;2;520;529;8;457;462;108;349;308;124;348;171;5;221;216;5;0;0;22;21;929;135;0;9;7;126;49;0;0;0;0;0;0;338;280;0;0;0;0;4;4;0;0;0;0;0;0;14;2;0;0;82;77;58;42;
III;44439.0;RIBEIRAO;709;609;253;0;0;0;0;1;0;0;2791;1;5008;1903;3574;2105;3551;2728;2533;2495;1462;1366;1;1359;1068;9;791;772;126;560;517;76;436;327;13;262;204;2;0;0;62;32;1367;554;4;0;0;218;139;0;0;2;0;0;0;755;592;0;0;0;0;62;12;0;0;0;0;0;0;59;14;5;0;754;584;53;9;
III;22151.0;RIO FORMOSO;387;380;270;0;0;69;69;0;0;0;1700;0;2500;1500;2300;1300;2500;1500;2000;1000;681;675;15;437;437;15;318;310;20;200;200;20;200;200;20;107;107;20;0;0;38;38;780;750;10;76;76;138;138;0;0;0;0;0;0;387;380;0;0;0;0;93;93;0;0;0;0;50;40;8;8;0;0;1700;1000;99;99;
III;13941.0;SAO BENEDITO DO SUL;236;234;60;0;0;17;17;0;0;0;896;2;1081;653;1061;597;1079;582;1001;425;314;280;21;294;279;45;229;224;81;151;142;25;112;74;16;55;40;15;0;0;0;4;356;321;5;21;11;85;56;0;0;1;1;0;0;255;195;0;0;0;0;7;3;0;0;0;0;0;0;4;3;0;0;12;12;27;23;
III;18180.0;SAO JOSE DA COROA GRANDE;259;258;61;0;0;0;0;0;0;0;951;2;2229;421;1787;1173;1541;1129;1143;842;787;691;14;713;493;62;414;367;90;257;210;44;151;110;16;117;90;10;0;0;97;29;536;244;3;12;8;131;38;0;0;0;0;0;0;385;334;0;0;0;0;20;9;0;0;0;0;13;5;5;0;1;0;30;0;38;5;
III;40296.0;SIRINHAEM;544;528;143;0;0;0;0;0;0;0;2730;7;6117;2308;5341;3240;4742;3401;3274;2587;1259;1156;0;884;820;0;690;640;22;367;346;4;255;239;2;185;166;0;0;0;14;14;951;881;0;0;0;318;173;7;7;0;0;0;0;627;581;0;0;0;0;42;40;0;0;0;0;55;48;9;8;0;0;1007;797;47;40;
III;20715.0;TAMANDARE;471;400;126;0;0;0;0;0;0;0;1464;0;2635;589;2119;1124;1767;1196;1358;1227;713;748;2;495;473;11;450;386;16;292;211;3;143;138;0;145;105;3;0;0;153;110;849;598;0;13;5;176;105;0;0;0;0;0;0;584;405;40;45;0;0;79;41;0;0;0;0;154;90;14;14;4;3;500;223;141;62;
III;14093.0;XEXEU;267;267;65;0;0;0;0;0;0;0;964;0;1999;742;1229;761;1040;701;961;758;431;358;4;283;226;4;268;219;3;276;175;3;77;77;2;77;67;2;0;0;27;27;412;330;0;9;5;126;67;0;0;0;0;0;0;326;326;1;2;5;7;59;40;0;0;0;0;0;0;19;9;0;0;5;5;26;26;

IV;22679.0;AGRESTINA;714;430;0;0;0;145;132;7;6;0;0;0;2836;57;2209;140;1317;123;1442;199;791;621;0;661;628;0;690;559;0;423;349;0;321;259;0;246;133;0;21;21;8;8;761;76;0;38;6;195;28;0;0;0;0;28;0;451;5;0;0;6;4;99;6;0;0;0;0;0;0;96;1;0;0;444;3;62;0;
IV;13759.0;ALAGOINHA;431;404;226;0;0;1519;1477;0;0;0;1327;3;1704;791;1200;830;1073;795;911;791;597;568;2;466;470;23;387;383;159;343;314;146;240;222;29;211;206;9;0;0;0;0;889;815;13;124;69;154;119;0;0;0;0;0;0;247;227;3;2;0;0;37;32;0;0;0;0;0;0;47;45;0;0;8;14;44;45;
IV;22353.0;ALTINHO;433;418;72;0;0;313;298;0;0;0;1597;0;2817;923;2177;1308;2092;1592;1854;1537;877;792;0;709;685;1;614;606;9;490;471;64;400;331;11;287;275;0;0;0;23;18;758;603;1;41;40;133;103;2;2;0;0;11;11;315;289;0;0;3;10;34;29;0;0;0;0;0;0;18;15;0;0;130;110;34;29;
IV;12776.0;BARRA DE GUABIRABA;256;256;189;1;0;0;0;0;0;0;842;0;1349;574;971;668;1349;892;936;784;426;426;0;300;302;0;238;238;126;185;185;111;131;131;81;90;90;42;0;0;0;0;348;348;19;45;45;82;68;0;0;0;0;0;0;245;245;0;0;0;3;6;6;0;0;0;0;0;0;30;30;0;0;90;90;42;42;
IV;72432.0;BELO JARDIM;1788;1560;369;0;0;0;0;68;68;22;5419;2;10272;3757;7599;4308;5507;5038;4720;4936;3029;2782;5;2316;2238;16;2086;1731;193;1343;1332;278;974;954;78;677;677;45;6;6;191;182;4277;3725;43;276;165;673;483;18;12;0;0;0;0;1351;1145;77;77;0;0;235;192;0;0;0;0;0;0;407;268;0;0;5463;2644;118;117;
IV;58668.0;BEZERROS;1926;1562;0;0;0;183;85;114;84;66;1564;0;5537;712;5549;1943;5365;2023;4801;2949;2550;2022;0;2072;1742;0;2010;1789;0;1482;843;0;2120;1776;0;605;503;0;0;0;54;30;2199;419;0;0;0;414;218;0;0;0;0;32;17;1089;621;0;0;0;0;340;99;0;0;1;1;0;0;187;68;0;0;1810;456;96;0;
IV;37566.0;BONITO;747;685;0;0;0;0;0;0;0;0;0;0;4424;57;3460;361;3496;810;2628;1590;1307;1257;0;1280;1157;0;911;874;0;620;593;0;464;416;0;388;331;0;0;0;39;39;1727;1364;0;66;53;364;100;8;3;0;0;0;0;629;568;12;8;0;0;89;59;0;0;0;0;0;0;70;47;0;0;441;157;41;32;
IV;45180.0;BREJO DA MADRE DE DEUS;691;591;0;0;0;0;0;0;0;0;94;0;5591;730;3926;1086;4593;1783;3729;2291;1405;1103;0;1332;1203;0;1056;967;0;704;634;0;553;400;0;377;377;0;0;0;4;3;1179;823;0;42;0;413;242;1;0;0;0;0;0;709;564;2;0;31;19;226;591;0;0;0;0;0;0;237;139;0;0;63;15;68;19;
IV;18819.0;CACHOEIRINHA;349;325;133;0;0;0;0;0;0;0;771;0;2647;568;2069;362;1723;315;1508;926;669;683;0;571;577;0;580;560;55;441;260;34;337;338;20;319;270;0;0;0;0;0;2018;1619;0;120;86;271;171;0;0;3;3;12;7;361;330;0;0;0;0;104;70;0;0;0;0;0;0;31;22;0;0;106;65;35;35;
IV;17104.0;CAMOCIM DE SAO FELIX;390;288;0;0;0;0;0;18;16;0;639;0;1724;686;1529;812;1472;864;1277;1000;1200;1217;0;0;0;0;400;400;8;375;485;8;481;452;16;0;0;0;0;0;0;0;828;775;0;123;114;127;42;0;0;2;2;0;0;425;351;0;0;10;10;14;12;0;0;1;1;0;0;79;60;0;0;82;45;34;27;
IV;314912.0;CARUARU;9048;8728;4371;0;0;394;385;217;207;63;16862;0;55164;0;56889;21619;19034;17238;22179;22179;13392;12698;0;10403;10211;0;8001;7648;3058;5582;5487;2936;4682;4475;2483;2430;2430;2189;40;35;1494;1302;16540;15987;2179;962;632;3610;2339;105;70;201;188;1700;1700;2606;2105;589;468;34;26;300;284;0;0;5;5;0;0;520;449;0;0;1242;1092;148;137;
IV;23390.0;CUPIRA;690;648;105;0;0;156;156;0;0;0;700;0;3066;623;2138;678;1473;734;1137;542;903;838;0;785;699;0;725;561;35;518;518;0;341;330;0;335;330;0;165;165;35;27;1088;795;0;0;0;202;157;0;0;0;0;0;0;561;511;0;0;35;29;168;132;0;0;0;0;0;0;0;0;0;0;435;431;76;76;
IV;14293.0;FREI MIGUELINHO;317;309;113;0;0;0;0;0;0;0;1009;12;1549;1161;1214;835;997;583;662;583;618;600;0;459;459;0;524;523;48;375;359;122;268;246;36;237;220;0;0;0;0;0;1799;1773;1;184;171;127;104;0;0;0;0;0;0;271;260;0;0;0;0;96;90;0;0;0;0;0;0;99;83;0;0;0;0;25;25;
IV;76458.0;GRAVATA;1720;1618;309;1;1;0;0;94;94;71;4784;0;9479;3396;8346;2410;7572;5712;6236;5304;3301;2954;11;2874;2402;34;1519;1293;370;1431;1267;352;1042;1039;39;851;817;85;2;2;86;84;4369;2806;1;0;0;748;408;12;5;14;14;29;16;1304;1104;0;0;103;103;62;35;0;0;0;0;1;0;348;171;0;0;1384;1223;98;98;
IV;7534.0;IBIRAJUBA;266;255;126;0;0;0;0;0;0;0;641;0;950;437;739;577;627;600;621;625;359;322;0;268;268;0;249;248;9;205;204;33;158;155;25;119;116;8;0;0;1;1;304;234;7;38;37;89;79;0;0;0;0;0;0;270;232;0;0;0;0;7;7;0;0;0;0;0;0;19;5;0;0;11;3;29;28;
IV;15819.0;JATAUBA;407;399;84;0;0;1;1;0;0;0;369;0;570;79;837;210;739;62;1511;590;604;361;48;501;362;0;531;516;109;435;412;0;225;169;0;332;257;0;0;0;17;17;1120;558;0;49;49;205;105;0;0;0;0;0;0;451;402;0;0;17;17;55;44;0;0;0;0;0;0;0;0;0;0;4;4;104;104;
IV;14541.0;JUREMA;322;254;29;0;0;0;0;0;0;0;1127;0;1883;470;1332;435;1528;1466;966;773;567;560;0;451;422;0;420;402;0;305;294;0;234;224;0;197;169;0;0;0;0;3;481;343;0;74;6;129;87;1;0;1;0;0;0;258;243;0;0;0;0;29;10;0;0;0;0;0;0;25;2;0;0;19;10;70;65;
IV;25645.0;PANELAS;586;504;33;0;0;78;64;122;98;1;1013;0;4207;1506;3191;1387;2490;1249;1998;1257;899;696;0;740;656;0;725;626;13;508;393;22;626;468;7;260;260;0;0;0;23;22;634;67;0;15;12;185;85;5;1;3;3;32;26;694;586;3;0;5;4;26;0;0;0;0;0;0;0;1;1;0;0;68;47;129;2;
IV;62931.0;PESQUEIRA;2223;1731;561;6464;6279;162;169;33;33;23;4759;7;6174;2435;4157;3458;6895;4363;3408;3085;2346;2176;43;1821;1889;36;1425;1543;90;1040;1105;165;711;638;52;693;637;21;7;7;112;100;3253;3103;53;116;76;543;388;1;0;40;36;697;737;1145;922;29;29;0;0;252;22;0;0;0;0;0;0;562;490;0;0;1424;1190;144;93;
IV;11242.0;POCAO;341;286;0;0;0;0;0;0;0;0;0;0;861;0;866;0;762;0;865;123;442;423;0;373;369;0;337;333;0;216;216;0;171;169;0;126;116;0;0;0;0;0;381;209;0;44;15;97;0;0;0;0;0;0;0;253;167;0;0;0;0;19;11;0;0;0;0;0;0;13;4;0;0;330;0;32;12;
IV;19162.0;RIACHO DAS ALMAS;439;412;167;0;0;0;0;0;0;0;1202;0;2586;1137;2108;567;2112;1632;1555;1350;863;835;0;671;653;0;650;628;4;460;447;33;297;286;2;241;228;2;0;0;0;0;1025;1001;1;95;91;176;146;4;2;3;3;5;4;478;458;1;1;0;0;54;50;0;0;0;0;0;0;79;67;0;0;288;258;70;63;
IV;11240.0;SAIRE;247;238;82;0;0;0;0;0;0;0;599;0;1400;488;1001;548;970;741;736;617;482;460;1;333;305;3;358;305;36;270;245;52;178;178;15;150;146;13;0;0;0;6;571;445;0;19;12;85;58;0;0;1;1;0;0;315;303;0;0;0;0;48;48;0;0;0;0;0;0;28;19;0;0;45;39;42;36;
IV;21955.0;SANHARO;480;447;197;0;0;0;0;0;0;0;1591;0;2475;643;1608;724;1487;1284;1411;1263;787;798;4;640;623;43;621;566;220;501;487;218;234;225;55;203;201;55;0;0;4;3;1009;879;12;38;17;225;166;0;0;0;0;0;2;359;339;0;0;0;2;59;20;0;0;0;1;0;0;60;52;0;0;403;292;91;79;
IV;87582.0;SANTA CRUZ DO CAPIBARIBE;1649;1496;390;0;0;0;0;65;65;46;6545;0;14977;6738;12329;5620;9413;5476;5549;5568;2792;2333;0;1879;2464;0;1228;1287;217;855;838;103;588;471;6;417;384;2;0;0;231;92;3257;2454;0;231;0;763;138;0;0;13;7;569;127;1031;371;0;0;0;0;159;64;0;0;0;0;0;0;245;96;0;0;307;1;37;15;
IV;13021.0;SANTA MARIA DO CAMBUCA;262;199;106;0;0;0;0;0;0;0;413;0;1877;787;1340;446;1020;854;611;640;515;420;0;429;455;1;359;331;253;289;306;215;192;160;125;158;168;106;0;0;0;0;1119;753;12;55;39;141;98;0;0;0;0;0;0;263;224;0;0;0;0;70;49;0;0;0;0;0;0;67;63;0;0;63;18;13;13;
IV;53242.0;SAO BENTO DO UNA;835;774;311;0;0;584;541;15;15;15;4393;2;6185;2605;4301;2997;3068;3048;2949;2466;1761;1725;7;1565;1546;133;1186;1174;276;878;867;264;586;591;36;404;364;15;0;0;100;98;3555;3274;18;264;223;515;388;3;1;0;0;0;0;665;631;0;0;21;13;39;37;0;0;0;0;0;0;431;417;0;0;1885;1124;112;105;
IV;35274.0;SAO CAITANO;618;548;221;0;0;186;180;0;0;0;2749;4;5796;2999;4183;2188;3893;3083;2228;2246;1246;1238;2;1020;1003;39;953;947;92;632;633;111;482;421;35;439;404;6;0;0;7;6;1525;1244;4;80;55;377;205;0;0;0;0;0;0;739;617;0;0;0;0;75;75;0;0;0;0;0;0;224;139;0;0;541;332;51;43;
IV;20488.0;SAO JOAQUIM DO MONTE;496;441;145;0;0;0;0;0;0;0;697;6;2665;950;2030;982;1590;1246;1166;1172;851;643;6;657;649;33;556;526;213;399;392;179;260;230;30;179;140;14;0;0;2;2;1122;684;4;54;16;229;139;2;2;0;0;16;0;327;221;0;0;0;0;31;13;0;0;0;0;0;0;36;13;0;0;25;9;32;15;
IV;12725.0;TACAIMBO;236;235;77;0;0;0;0;0;0;0;386;7;1509;403;1186;477;1029;741;912;724;472;355;1;397;302;22;338;294;18;246;215;8;167;131;4;140;130;0;0;0;1;1;504;455;5;33;26;136;96;0;0;34;27;770;770;277;231;0;0;0;0;34;26;0;0;0;0;0;0;36;31;0;0;450;361;17;15;
IV;24903.0;TAQUARITINGA DO NORTE;395;344;137;0;0;0;0;0;0;0;1695;0;3141;1477;2775;1073;2300;1816;1635;1633;1021;1021;8;777;752;7;559;559;68;476;476;133;306;282;20;231;224;11;0;0;19;16;1105;874;25;161;138;310;246;0;0;0;0;0;0;370;306;0;0;0;0;54;31;0;0;0;0;0;0;79;70;0;0;554;116;46;42;
IV;35554.0;TORITAMA;691;444;154;0;0;0;0;0;0;0;2544;0;5945;2385;4408;2275;2497;1689;2371;1918;901;901;10;938;938;61;599;598;128;371;350;82;318;218;16;207;155;3;0;0;93;63;3050;2962;0;10;9;359;102;1;1;0;0;0;1;476;101;0;0;0;0;0;0;0;0;0;0;0;0;103;39;0;0;664;437;108;25;
IV;18222.0;VERTENTES;362;333;0;0;0;0;0;0;0;0;0;0;0;0;480;0;1618;1;1267;3;691;548;0;583;518;0;514;483;0;328;259;0;260;242;0;223;204;0;0;0;8;8;946;138;0;81;1;174;4;0;0;0;0;0;0;289;61;0;0;0;0;5;0;0;0;0;0;0;0;44;2;0;0;3;0;8;0;

V;40235.0;AGUAS BELAS;550;522;283;2745;2660;1640;1515;12;12;0;2089;0;5110;3108;3567;2854;2859;2488;1977;1946;1316;1169;7;1166;1341;43;1079;1035;77;664;721;96;496;460;34;363;333;42;7;7;8;9;2881;2340;28;70;63;417;266;0;0;2;1;0;1;434;322;0;0;0;0;43;33;0;0;0;0;0;0;161;73;0;0;100;80;86;38;
V;10202.0;ANGELIM;216;209;81;0;0;818;757;0;0;0;602;0;1093;504;614;367;728;626;397;342;380;378;0;363;351;16;273;276;33;236;231;43;156;157;27;145;139;0;0;0;1;1;948;891;17;0;0;123;96;0;0;0;0;0;0;193;181;0;0;0;0;14;12;0;0;0;0;0;0;11;7;0;0;256;195;38;31;
V;45503.0;BOM CONSELHO;881;829;150;1;0;3227;3053;812;778;60;3806;0;1883;411;3033;1803;2837;2197;1904;1716;1100;1076;0;1050;1076;0;1000;980;200;800;750;100;830;800;50;750;700;50;19;15;58;69;1860;1589;0;172;127;375;307;2;0;16;15;40;38;498;464;33;31;5;4;89;75;4;2;0;0;0;0;263;219;1;0;836;689;67;51;
V;8844.0;BREJAO;243;232;96;0;0;603;564;0;0;0;25;0;771;407;813;273;652;426;467;318;343;308;0;303;305;0;301;301;0;198;196;0;156;142;8;113;106;0;0;0;2;3;1046;902;16;125;88;131;98;0;0;0;0;0;0;156;132;0;0;0;0;14;11;0;0;0;0;0;0;38;29;0;0;100;71;27;27;
V;26577.0;CAETES;373;353;33;0;0;968;827;0;0;0;2073;2;2991;560;2441;572;1786;832;1525;1046;731;646;0;780;760;0;631;614;0;483;479;0;309;299;0;222;209;0;0;0;8;7;1231;920;0;37;34;288;191;0;0;0;0;0;0;441;394;0;0;0;0;15;15;0;0;0;0;0;0;50;37;0;0;47;23;37;35;
V;11125.0;CALCADO;280;253;123;0;0;0;0;0;0;0;637;0;1271;778;1010;650;785;721;671;660;326;356;0;317;276;13;265;173;106;161;142;88;118;109;17;89;73;1;0;0;14;13;501;489;0;28;14;107;93;1;0;0;0;0;0;256;244;0;0;0;0;0;0;0;0;0;0;0;0;52;39;0;0;32;28;12;10;
V;24521.0;CANHOTINHO;446;358;0;0;0;0;4;34;34;0;685;4;2446;448;1900;423;1658;606;1091;723;827;730;0;721;655;0;646;618;0;479;447;0;342;277;0;204;204;0;7;6;7;6;1984;1799;0;30;29;211;140;0;0;28;11;1074;917;293;265;4;2;0;0;83;60;0;0;0;0;0;0;112;78;1;1;125;93;64;39;
V;19593.0;CAPOEIRAS;492;348;42;0;0;812;775;0;0;0;1406;0;6312;2887;0;0;0;0;0;0;2799;1631;0;0;0;0;0;0;21;0;0;0;0;0;0;0;0;0;0;0;5;6;1346;1208;6;4;3;172;131;0;0;2;1;1;0;345;324;1;0;0;0;9;8;0;0;0;0;0;0;85;64;0;0;6;9;37;31;
V;17419.0;CORRENTES;393;348;90;0;0;0;0;0;0;0;990;0;3067;1028;2055;1004;1647;1338;1265;1059;590;540;0;485;408;0;369;348;30;255;237;30;168;132;30;168;161;30;1;1;0;0;1088;989;0;59;57;96;72;0;0;1;1;1;1;255;230;13;12;0;0;38;37;0;0;0;0;0;0;18;16;0;0;102;89;2;2;
V;129408.0;GARANHUNS;4486;4206;1260;6;0;2546;2372;78;78;63;11121;0;19965;9241;11680;6814;8445;6626;6552;7170;5094;4983;9;4221;4051;11;3553;3594;351;2355;2254;422;1568;1578;95;1289;1197;10;0;0;620;556;8336;8078;154;1231;1017;1491;1090;3;0;90;71;227;228;2469;1908;541;215;0;0;96;68;0;0;0;0;0;0;206;117;0;0;1519;745;180;150;
V;18360.0;IATI;383;368;200;0;0;571;528;2414;2305;147;832;0;2339;1341;1602;1248;1404;1202;1034;899;598;561;0;1156;616;2;499;486;57;345;400;71;223;200;8;151;151;1;0;0;5;5;1209;1006;73;123;76;209;177;0;0;0;0;0;0;364;337;0;0;0;0;57;48;0;0;0;0;0;0;14;6;0;0;15;5;23;22;
V;26256.0;ITAIBA;323;315;110;1;0;1299;1216;0;0;0;1319;1;2952;1148;2463;1498;1837;1541;1214;1086;887;853;0;802;806;0;667;669;0;459;466;0;286;274;0;236;236;30;0;0;3;5;2251;2145;63;125;105;264;215;0;0;0;0;0;0;349;327;0;0;0;0;34;30;0;0;0;0;0;0;13;12;0;0;106;90;20;16;
V;10604.0;JUCATI;222;207;67;0;0;0;0;0;0;0;924;4;1536;722;1203;692;995;690;801;675;344;315;0;350;337;0;297;298;0;205;201;1;129;114;0;117;111;0;0;0;9;6;269;249;0;67;48;135;115;1536;722;0;0;0;0;240;219;0;1;1;1;1;0;0;0;0;0;0;0;18;15;0;0;2;0;47;42;
V;13705.0;JUPI;335;307;123;0;0;0;1;0;0;0;223;0;1843;766;1420;657;1173;825;1048;939;636;599;0;526;489;1;443;436;8;350;323;80;233;209;56;166;147;88;0;0;1;2;1069;843;25;55;42;222;130;0;0;0;0;2;1;360;349;0;0;0;0;12;5;0;0;0;0;0;0;143;67;0;0;88;71;54;33;
V;12132.0;LAGOA DO OURO;292;279;73;0;0;0;0;0;0;0;537;0;1514;598;1197;533;1111;918;793;897;495;466;0;459;458;0;382;401;15;272;259;79;165;152;10;98;85;0;0;0;1;1;811;544;0;99;54;146;107;0;0;0;0;0;0;275;253;1;1;0;0;16;16;0;0;0;0;0;0;1;2;0;0;7;2;27;13;
V;36628.0;LAJEDO;1143;1033;205;1;1;0;2;0;0;0;2842;0;6768;1680;3386;1724;2898;2164;2329;2220;1581;1256;11;1262;1212;11;1142;1082;99;818;776;72;633;552;21;502;463;7;0;0;111;107;2226;1241;4;131;21;431;393;1;0;0;0;96;84;1229;1236;0;0;0;0;55;55;0;0;0;0;0;0;414;291;0;0;1009;796;67;67;
V;8189.0;PALMEIRINA;263;263;50;0;0;0;0;0;0;0;6;0;1126;100;425;200;335;200;306;250;235;235;0;227;225;0;241;240;0;200;200;0;207;200;0;185;180;0;0;0;4;4;300;200;0;0;0;60;60;0;0;0;0;0;0;200;200;0;0;0;0;20;20;0;0;0;0;0;0;8;8;0;0;9;9;30;30;
V;11001.0;PARANATAMA;393;341;0;2;0;0;0;0;0;0;6;0;542;124;1193;803;1264;718;1021;847;490;498;0;478;420;0;436;383;0;315;279;0;246;237;0;193;170;0;0;0;28;28;575;485;0;99;67;132;102;0;0;0;0;0;0;364;269;0;0;0;0;16;16;0;0;0;0;0;0;69;64;0;0;66;42;39;34;
V;15309.0;SALOA;337;329;107;1;1;129;127;0;0;0;477;0;1740;703;1298;818;1090;838;813;771;559;471;0;482;527;0;500;482;1;389;398;1;251;247;0;218;219;0;0;0;11;10;1216;1144;9;170;167;144;103;0;0;9;6;76;51;361;360;0;0;0;0;28;28;0;0;0;0;0;0;37;26;0;0;17;17;37;37;
V;21312.0;SAO JOAO;407;402;142;0;0;0;1;0;0;0;1550;0;3050;1195;2322;1337;2458;1515;1586;1220;787;703;0;722;655;21;557;551;119;395;377;105;276;238;17;239;230;2;0;0;20;18;1292;1022;7;57;30;272;196;0;0;0;0;0;0;354;278;0;0;0;0;25;19;0;0;0;0;0;0;26;18;0;0;0;0;44;39;
V;6737.0;TEREZINHA;215;212;71;0;0;2;2;0;0;0;394;0;946;634;619;313;574;393;476;465;279;283;0;248;246;0;215;214;0;142;142;0;85;84;0;81;78;0;0;0;4;3;369;340;9;87;82;79;65;0;0;2;2;0;0;123;119;0;0;0;0;4;4;0;0;0;0;0;0;0;0;0;0;3;3;31;30;

VI;68793.0;ARCOVERDE;2600;2585;918;0;0;0;0;82;82;82;6272;22;10927;3939;5104;3157;4038;3389;5003;4710;3022;2498;26;2129;1674;82;2109;1566;483;1300;1299;443;943;809;158;769;765;81;0;0;428;375;3387;1829;88;590;361;783;446;50;42;50;34;941;926;1301;1238;699;344;66;64;70;70;0;0;0;0;0;0;489;362;0;0;552;354;114;101;
VI;52105.0;BUIQUE;672;679;339;1133;1130;1223;1176;0;0;0;5179;0;6696;1931;4786;2563;4374;3352;3331;2899;1735;1650;4;1327;1306;138;1171;1168;430;912;903;401;643;610;89;513;494;31;0;0;32;32;1740;1468;16;159;110;722;613;1;1;32;32;241;229;846;756;0;0;0;0;125;124;0;0;0;0;0;0;36;27;0;0;236;236;38;33;
VI;33855.0;CUSTODIA;870;705;270;4;4;3720;3375;15;15;10;2624;10;3198;918;2631;2214;2631;2214;2149;2123;1136;1128;4;944;944;11;946;886;135;707;577;105;451;448;31;450;438;15;0;0;176;122;1158;412;20;151;53;401;311;0;0;4;4;3;3;742;651;0;0;0;0;46;46;0;0;0;0;0;0;81;25;0;0;693;333;47;27;
VI;26954.0;IBIMIRIM;636;584;79;1399;1369;0;2;12;14;0;1094;1;3409;1020;2353;138;1900;1369;1648;1372;822;760;1;742;737;1;669;667;1;420;410;4;319;293;1;242;228;1;1;0;3;3;1210;879;0;22;18;249;191;0;0;2;3;32;26;351;329;6;7;3;3;12;8;0;0;0;0;0;0;62;45;0;0;89;54;40;22;
VI;19081.0;INAJA;282;270;113;871;841;727;725;0;0;0;1569;0;2331;923;1524;957;1064;938;790;833;457;402;1;372;347;3;272;270;48;176;172;41;138;112;5;109;112;1;0;0;1;1;579;307;11;22;13;207;163;0;0;0;0;0;0;339;275;2;2;0;0;6;1;0;0;0;0;0;0;22;12;0;0;66;60;66;50;
VI;13963.0;JATOBA;320;320;130;2093;2093;0;0;0;0;0;896;0;1346;704;1106;749;772;672;826;700;482;464;0;373;369;0;294;294;0;242;248;0;144;140;0;96;95;66;0;0;0;0;600;587;0;10;10;90;88;0;0;0;0;0;0;180;180;0;0;0;0;5;5;0;0;0;0;0;0;2;2;0;0;36;30;5;5;
VI;18083.0;MANARI;276;256;65;0;0;150;90;0;0;0;1743;0;3010;915;1950;1032;1535;920;1224;753;688;320;0;465;444;0;345;304;20;290;253;12;177;145;20;156;153;10;0;0;2;2;748;320;8;90;30;163;100;0;0;0;0;0;0;320;250;0;0;0;0;12;5;0;0;0;0;0;0;14;5;0;0;5;5;38;16;
VI;20944.0;PEDRA;315;298;125;0;0;0;0;0;0;0;1562;2;2425;715;1645;814;1485;1349;1105;1112;711;745;0;320;326;0;606;601;0;419;418;2;335;335;0;235;232;50;0;0;5;5;1478;823;0;85;34;237;229;2;1;0;0;17;17;373;270;0;0;0;0;26;8;0;0;0;0;0;0;8;2;0;0;222;192;121;32;
VI;32492.0;PETROLANDIA;447;446;268;551;677;73;66;0;0;0;2821;15;3760;785;4721;2848;2487;2363;3052;2250;1050;1340;0;781;473;0;254;280;495;264;284;0;266;275;0;487;265;0;0;0;146;140;1806;313;0;8;8;345;324;0;0;1;1;49;29;568;315;0;0;58;58;95;26;0;0;0;0;0;0;0;0;0;0;130;61;59;28;
VI;33787.0;SERTANIA;610;595;249;0;0;250;250;37;37;18;2535;0;4413;1314;2449;1611;1930;1597;1857;1546;1020;1005;2;1210;1210;2;980;980;31;660;660;47;490;480;31;390;390;1;0;0;4;4;2520;2451;8;24;24;304;250;3;0;0;0;10;10;415;365;0;0;0;0;0;0;0;0;0;0;0;0;15;15;0;0;225;150;84;60;
VI;22068.0;TACARATU;374;350;162;2714;2641;103;99;0;0;0;1389;136;2267;1853;1726;1575;1346;1329;1022;1017;544;510;8;595;568;56;474;447;172;317;294;123;229;220;20;197;195;6;0;0;0;0;959;933;56;144;119;150;124;1;1;0;0;0;0;401;368;0;0;0;0;7;7;0;0;0;0;0;0;19;6;0;0;304;222;58;48;
VI;24425.0;TUPANATINGA;262;296;33;158;156;373;328;0;0;0;1876;1;2465;638;2272;656;1370;1059;1104;1010;531;610;0;556;606;1;466;465;7;503;384;10;255;205;1;191;189;5;0;0;3;4;1173;994;0;26;2;283;138;0;0;0;0;0;0;459;371;0;0;0;0;15;14;0;0;0;0;0;0;31;50;0;0;76;88;33;33;
VI;16052.0;VENTUROSA;492;451;46;0;0;0;0;0;1;0;1282;0;2242;791;1553;1008;1385;1083;1098;1139;609;630;0;561;568;0;447;452;17;309;306;63;214;215;7;168;162;2;0;0;5;5;1005;763;10;133;72;233;187;0;0;0;0;12;11;402;359;0;0;0;0;24;24;0;0;0;0;0;0;38;20;0;0;5;2;82;56;

VII;#N/A;BELEM DE SAO FRANCISCO;594;443;102;288;288;26;46;0;0;0;1026;2;2775;1410;1790;1315;1591;1415;1160;1098;669;556;15;578;510;22;426;371;35;342;310;35;275;265;32;209;204;101;0;0;50;39;1015;895;45;35;25;160;131;2;1;0;0;0;0;313;287;53;37;0;0;11;14;0;0;0;0;0;0;60;34;0;0;0;11;49;41;
VII;10778.0;CEDRO;354;349;146;0;0;0;0;0;0;0;144;2;1565;868;1075;604;778;544;769;612;367;367;1;304;302;8;287;286;114;223;224;108;147;146;32;121;117;1;0;0;1;2;784;641;25;103;95;147;132;0;0;0;0;0;0;272;257;0;0;0;0;16;10;0;0;0;0;0;0;4;3;0;0;11;10;63;60;
VII;14308.0;MIRANDIBA;332;335;166;72;72;1230;1210;0;0;0;1539;14;1271;877;1209;852;1050;912;717;817;484;776;42;477;454;164;441;445;165;205;229;88;184;109;21;160;153;5;0;0;0;0;661;394;15;65;47;182;138;1;0;0;0;0;0;229;198;0;0;0;0;10;1;0;0;0;0;0;0;7;5;0;0;7;13;32;24;
VII;56629.0;SALGUEIRO;2441;2441;931;762;724;2402;2119;22;22;20;3497;0;9715;548;5788;4155;7045;7006;1086;1070;1982;1982;124;1596;1596;65;1252;1252;124;902;902;21;1217;1217;17;680;680;15;3;3;433;430;3720;3720;47;246;232;567;543;18;2;56;56;506;506;948;940;234;234;0;0;134;123;0;0;0;0;0;0;119;119;0;0;931;931;91;91;
VII;18331.0;SERRITA;451;408;211;0;0;0;0;0;0;0;481;2;2018;1165;1713;983;1510;1191;1152;1152;640;640;1;593;593;18;485;485;73;347;347;64;222;222;18;261;241;7;0;0;1;0;911;553;26;85;63;208;142;0;0;1;0;0;0;433;337;7;0;0;0;21;14;0;0;0;0;0;0;14;7;0;0;54;41;48;32;
VII;9278.0;TERRA NOVA;219;214;45;0;0;47;45;0;0;0;768;4;1127;277;861;499;787;672;677;600;349;308;0;276;265;3;228;227;0;177;176;21;121;113;14;109;101;1;0;0;0;0;379;323;13;91;67;108;76;0;0;0;0;0;0;163;140;0;0;0;0;0;0;0;0;0;0;0;0;22;18;0;0;0;0;19;15;
VII;9142.0;VERDEJANTE;216;181;109;0;0;0;0;0;0;0;446;2;1260;347;907;688;742;685;590;590;443;385;1;329;325;2;279;252;10;278;176;13;155;141;12;121;121;1;0;0;1;1;552;362;3;109;58;88;81;0;0;7;7;27;12;269;269;0;0;0;0;14;6;0;0;0;0;0;0;16;8;0;0;31;4;31;20;

VIII;17586.0;AFRANIO;370;372;173;0;0;686;678;0;0;0;1381;4;2219;1103;1637;907;1662;1157;1288;1120;632;608;10;515;481;72;537;517;174;557;557;70;213;119;11;195;176;2;0;0;0;0;564;502;19;162;139;192;128;0;0;1;2;5;2;371;327;2;2;0;0;18;16;0;0;0;0;0;0;138;102;0;0;250;193;24;22;
VIII;30873.0;CABROBO;894;759;180;2340;2261;933;816;0;0;0;2542;0;3715;818;2620;1592;2552;2048;1586;1291;1001;1001;39;790;717;23;704;568;39;790;713;95;425;394;58;215;215;6;0;0;99;86;2510;2147;12;131;103;300;218;7;3;0;0;1;0;401;352;17;17;0;0;118;93;0;0;0;0;0;0;66;52;0;0;3;6;39;35;
VIII;16917.0;DORMENTES;380;377;237;0;0;0;0;0;0;0;1424;0;1671;1521;1609;1236;1595;1326;1366;1162;700;678;1;543;547;36;482;469;215;322;355;161;196;188;22;192;188;7;0;0;0;0;656;633;42;328;310;185;124;0;0;0;0;0;0;296;248;0;0;0;0;10;7;0;0;0;0;0;0;93;68;0;0;65;62;20;19;
VIII;22760.0;LAGOA GRANDE;475;441;118;0;0;120;122;0;0;0;1706;0;3767;898;2713;631;2092;1487;1657;1504;665;664;15;488;471;52;472;428;85;416;259;60;218;159;9;160;160;4;0;0;3;3;934;632;0;116;56;250;173;0;0;0;0;0;0;359;373;0;0;0;0;39;30;0;0;0;0;0;0;74;57;0;0;12;6;45;29;
VIII;13180.0;OROCO;251;258;132;404;380;1380;1310;0;0;0;1116;3;1580;799;1170;709;2236;443;806;250;377;356;0;236;254;0;266;241;6;211;184;24;129;96;3;113;99;5;0;0;0;0;731;611;13;0;0;165;122;0;0;0;0;0;0;178;188;0;1;0;0;6;8;0;0;0;0;0;0;30;41;0;0;7;6;48;34;
VIII;293962.0;PETROLINA;12358;12315;4319;188;115;7;58;303;286;219;21930;3;45808;23900;38380;18230;35044;22706;22131;20472;11510;10513;24;7786;7482;35;7056;4946;731;4280;3358;764;2707;2558;101;2120;2014;130;1;0;1096;990;14895;10472;252;1498;1199;5200;2375;84;58;0;0;32;25;5817;5012;1393;2024;724;771;663;601;0;0;191;184;90;24;531;276;0;0;4367;3165;460;177;
VIII;39435.0;SANTA MARIA DA BOA VISTA;706;669;134;25;4;2552;2431;0;0;0;1745;0;5232;1295;3492;1012;3072;1711;1682;1676;1288;1167;17;1066;914;12;767;748;35;544;528;32;364;318;31;301;298;31;0;0;75;78;1248;949;13;131;115;416;241;0;0;1;1;23;2;631;569;15;18;0;0;82;56;0;0;0;0;0;0;30;21;0;0;104;72;72;65;

IX;77302.0;ARARIPINA;1683;1456;0;0;0;178;138;0;0;0;846;1;8063;67;7260;793;6160;997;4627;696;2683;2368;0;2704;2228;0;1940;1902;0;1505;1458;0;993;866;0;692;666;0;0;0;165;130;4660;3500;0;472;266;955;520;0;0;2;1;71;41;1462;1077;52;24;0;0;66;2;0;0;0;0;0;0;178;63;0;0;2661;549;80;71;
IX;35158.0;BODOCO;855;790;120;0;0;0;0;0;0;0;1290;0;2572;1400;2850;1650;2995;1850;1446;1300;1034;960;30;975;895;40;808;808;25;549;545;22;355;354;18;318;318;0;0;0;2;2;1309;1001;25;238;180;320;230;0;0;0;0;0;0;730;600;7;8;0;0;4;4;0;0;0;0;0;0;58;40;0;0;412;239;163;130;
IX;31636.0;EXU;801;683;331;0;0;94;69;0;0;0;772;0;3756;1411;2960;780;2858;978;2456;1872;1232;1232;13;1006;1004;36;877;826;356;675;669;369;508;496;108;410;409;19;0;0;0;0;1907;1538;56;143;60;395;292;0;0;0;0;33;29;656;620;0;0;1;0;87;87;0;0;0;0;0;0;85;16;0;0;147;24;51;31;
IX;6855.0;GRANITO;216;203;74;0;0;0;0;0;0;0;218;2;1092;623;794;411;629;407;451;297;278;177;0;185;170;0;186;186;0;159;161;0;124;95;0;97;96;0;0;0;0;0;540;548;10;166;41;113;80;0;0;0;0;0;0;177;151;0;0;0;0;8;5;0;0;0;0;0;0;5;2;0;0;16;13;29;18;
IX;28120.0;IPUBI;684;630;299;0;0;0;0;1170;806;0;1043;0;3942;1266;3163;1094;1756;388;1500;1213;750;682;0;654;608;0;529;512;30;478;462;35;330;310;0;260;230;0;0;0;4;2;945;760;46;187;136;370;236;0;0;0;0;40;40;770;735;0;0;0;0;26;22;0;0;0;0;0;0;164;104;0;0;1170;806;112;102;
IX;11132.0;MOREILANDIA;302;295;142;0;0;0;0;0;0;0;323;0;1286;525;1104;313;993;565;863;786;442;427;0;350;335;4;300;301;12;262;244;66;195;174;16;171;168;2;88;77;2;5;526;471;1;88;77;140;90;0;0;1;1;11;9;254;250;0;0;0;0;1;1;0;0;0;0;0;0;26;26;0;0;63;57;58;54;
IX;64358.0;OURICURI;2298;1876;242;0;0;4;3;88;68;2;0;0;0;0;0;0;0;0;0;0;31993;15836;0;0;0;0;0;0;0;0;0;0;0;0;0;0;0;34;0;0;345;300;2561;861;29;288;201;560;88;0;0;3;3;0;3;989;898;193;153;0;0;0;0;0;0;0;0;0;0;103;80;0;0;1200;900;83;74;
IX;20224.0;PARNAMIRIM;446;384;169;2;2;0;0;0;0;0;1482;2;2459;862;1891;1891;1890;1166;1402;1475;753;762;1;622;602;14;582;555;73;387;377;58;252;230;47;295;291;55;0;0;8;26;508;490;13;130;103;181;133;1;1;0;0;6;2;357;343;2;4;8;26;0;0;0;0;0;0;0;0;295;228;0;0;94;65;63;50;
IX;13594.0;SANTA CRUZ;288;280;0;0;0;0;0;0;0;0;202;0;1846;240;1251;437;1219;662;1119;926;462;432;0;381;380;0;408;401;0;292;288;0;168;153;0;169;134;0;0;0;3;4;240;232;1;71;62;102;79;0;0;0;0;0;0;186;155;0;0;0;0;17;19;0;0;0;0;0;0;55;40;0;0;40;28;5;4;
IX;13371.0;SANTA FILOMENA;253;230;51;0;0;13;13;0;0;0;417;0;1045;225;1193;457;1194;990;851;769;436;436;0;396;396;0;364;330;41;325;325;41;183;168;11;150;150;8;0;0;0;0;738;351;1;21;21;141;77;0;0;0;0;0;0;227;140;0;0;0;0;0;0;0;0;0;0;0;0;68;31;0;0;12;12;29;14;
IX;26116.0;TRINDADE;657;578;174;0;0;0;0;0;0;0;1054;0;4901;2001;3930;1865;2945;1938;2405;1892;863;769;0;649;597;0;580;523;90;399;369;62;314;230;1;302;208;0;0;0;18;14;1157;602;0;68;35;361;153;0;0;0;0;0;0;579;462;7;7;0;0;0;0;0;0;0;0;0;0;416;256;0;0;1401;917;108;85;

X;35088.0;AFOGADOS DA INGAZEIRA;871;885;340;0;0;38;35;65;65;42;3667;6;5800;4300;3260;3133;761;765;3015;3030;1460;1923;150;1460;1899;145;1210;1237;142;795;795;721;525;550;220;446;425;140;1;1;280;272;1495;1505;152;545;535;293;284;0;0;0;0;50;3;1000;1001;100;101;0;0;100;101;0;0;0;0;0;0;100;95;0;0;100;95;50;50;
X;7307.0;BREJINHO;222;219;112;0;0;0;0;0;0;0;359;1;971;439;808;364;673;367;637;596;299;301;0;241;237;0;261;263;0;196;187;4;136;128;6;91;92;0;0;0;3;3;408;391;7;83;78;90;71;0;0;0;0;0;0;149;143;0;0;0;0;0;0;0;0;0;0;0;0;0;0;0;0;10;9;36;36;
X;18574.0;CARNAIBA;354;344;150;0;0;223;216;0;0;0;940;0;2260;955;2061;488;1886;1701;1616;1560;752;752;0;664;660;8;599;598;319;389;386;250;288;280;18;235;228;3;0;0;7;7;670;614;7;126;101;191;145;0;0;0;0;10;8;469;427;0;0;0;0;0;0;0;0;0;0;0;0;10;5;0;0;75;74;14;12;
X;11779.0;IGUARACI;402;299;121;0;1;214;139;0;0;0;971;37;1208;374;1084;224;1063;788;1076;947;572;530;1;443;430;4;355;316;19;275;246;20;195;170;3;165;162;2;0;0;0;1;443;372;5;51;27;118;94;0;0;0;0;0;0;329;274;0;0;0;0;2;0;0;0;0;0;0;0;50;28;0;0;30;22;35;28;
X;4496.0;INGAZEIRA;177;176;71;0;0;5;5;0;0;0;360;0;612;168;395;161;352;300;410;319;223;229;0;169;169;3;166;167;29;100;98;52;73;72;1;52;51;0;0;0;0;0;206;185;7;50;41;44;36;0;0;0;0;0;0;152;138;0;0;0;0;15;12;0;0;0;0;0;0;17;13;0;0;21;17;35;35;
X;13881.0;ITAPETIM;367;335;150;0;0;0;0;0;0;0;550;0;1626;859;1303;741;1590;752;1304;1121;614;596;0;602;600;0;558;555;20;321;320;20;323;305;30;187;185;60;0;0;7;7;100;498;30;126;103;100;80;1;1;0;0;14;8;425;400;1;1;0;0;63;52;0;0;0;0;0;0;14;8;0;0;137;125;72;70;
X;6739.0;QUIXABA;134;122;41;0;0;155;155;0;0;0;472;0;795;434;648;327;512;409;358;246;281;277;0;260;260;0;214;214;2;120;114;2;85;79;1;74;68;0;0;0;1;1;470;469;15;35;30;70;55;0;0;0;0;0;0;176;147;0;0;0;0;9;3;0;0;0;0;0;0;3;2;0;0;2;0;20;18;
X;10991.0;SANTA TEREZINHA;300;281;129;0;0;23;22;0;0;0;897;0;1226;542;919;330;822;594;704;534;430;264;0;351;203;0;355;320;7;180;186;33;141;135;11;109;98;0;0;0;24;18;413;243;2;74;26;110;65;1;0;0;0;0;0;247;192;0;0;0;0;17;4;0;0;0;0;0;0;36;14;0;0;0;0;49;38;
X;31829.0;SAO JOSE DO EGITO;1247;1194;309;0;0;79;78;71;70;26;2487;0;3400;1484;3290;1970;3901;2575;2388;2458;1445;1292;28;1231;1164;30;1034;1014;314;749;712;308;525;474;107;466;459;20;0;0;67;50;1646;1235;0;203;176;230;158;14;11;7;7;45;40;857;805;3;4;0;0;0;0;0;0;0;0;0;0;0;0;0;0;99;94;57;56;
X;5744.0;SOLIDAO;242;228;33;0;0;0;0;0;0;0;455;0;624;132;470;211;325;326;274;203;217;215;0;172;154;0;183;183;0;112;112;0;75;75;0;66;66;0;0;0;47;44;623;473;0;93;87;58;43;0;0;0;0;0;0;170;170;0;0;0;0;0;0;0;0;0;0;0;0;10;10;0;0;5;3;62;47;
X;26427.0;TABIRA;862;794;233;0;0;0;0;26;27;18;1403;8;4353;2387;2700;2231;2308;2109;1466;1806;1178;1088;5;1023;1002;12;836;823;395;614;608;49;446;378;76;378;306;9;0;0;73;75;1516;1323;61;234;193;273;202;4;4;3;5;24;17;399;376;1;1;0;0;1;1;0;0;0;0;0;0;48;29;1;0;242;129;57;48;
X;7925.0;TUPARETAMA;220;203;119;0;0;0;0;22;24;0;727;0;921;302;836;213;648;408;788;720;311;299;0;274;270;0;226;226;0;282;282;0;163;163;0;178;178;0;0;0;0;0;378;347;0;31;13;94;69;0;0;0;0;13;10;205;187;0;0;0;0;0;0;0;0;0;0;0;0;50;10;3;0;2;1;20;2;

XI;12003.0;BETANIA;226;226;159;0;0;1539;1165;0;0;0;1016;14;1055;326;878;533;819;539;376;385;320;335;4;354;355;11;280;265;38;280;265;38;214;183;26;153;107;8;0;0;0;2;1348;1101;0;56;20;114;57;0;0;0;0;0;1;189;130;0;0;0;0;8;8;0;0;0;0;0;0;1;1;0;0;8;3;24;3;
XI;5648.0;CALUMBI;191;171;65;2;1;0;0;0;0;0;390;3;769;182;613;257;577;375;387;296;218;219;0;244;237;0;169;164;15;150;140;17;97;98;10;68;66;5;0;0;2;3;469;408;5;32;21;77;57;0;0;0;0;0;0;114;95;0;0;0;0;21;14;0;0;0;0;0;0;15;8;0;0;10;6;23;13;
XI;11782.0;CARNAUBEIRA DA PENHA;304;292;143;4472;4463;218;198;0;0;0;856;0;1007;720;584;467;356;340;210;190;401;387;26;362;365;37;307;300;51;197;183;18;171;171;0;117;116;24;0;0;0;0;572;502;0;28;19;51;44;0;0;11;11;0;0;213;137;0;0;0;0;17;14;0;0;0;0;0;0;6;6;0;0;0;0;5;5;
XI;22169.0;FLORES;414;360;88;1;1;116;99;13;13;10;1643;0;2488;793;2198;1548;1659;1647;1446;1647;941;782;2;768;766;0;649;573;34;528;519;31;366;275;3;348;325;2;0;0;1;1;1807;1238;0;126;46;251;185;0;0;1;1;1;3;478;335;0;0;0;0;127;53;0;0;0;0;0;0;24;13;0;0;21;27;47;47;
XI;29285.0;FLORESTA;576;555;55;592;609;337;197;0;0;0;860;0;4143;1236;2751;1305;2231;2015;1827;1813;919;814;0;756;654;0;773;561;0;504;398;0;287;287;0;274;256;0;0;0;0;0;1460;573;0;34;15;272;128;1;0;6;16;6;1;616;319;0;0;0;0;0;0;0;0;0;0;0;0;104;22;0;0;430;43;53;0;
XI;4369.0;ITACURUBA;169;166;55;276;242;840;675;0;2;0;479;8;534;402;379;326;257;237;156;155;135;123;0;105;105;11;110;102;50;69;68;37;48;37;11;41;41;3;0;0;1;5;384;350;3;15;12;36;32;0;0;0;0;0;0;119;114;0;0;0;0;3;3;0;0;0;0;0;0;4;2;0;0;24;16;12;10;
XI;11768.0;SANTA CRUZ DA BAIXA VERDE;269;258;112;0;0;4;4;0;0;0;1078;0;1430;427;1028;627;800;759;605;603;485;457;0;450;390;3;406;367;31;325;292;38;169;163;89;147;130;88;0;0;8;6;1017;104;27;72;71;123;101;0;0;0;0;0;0;195;190;0;0;0;0;20;14;0;0;9;0;0;0;50;40;0;0;238;118;19;19;
XI;32617.0;SAO JOSE DO BELMONTE;626;583;231;7;5;125;125;14;14;13;503;0;3450;573;2478;1181;2764;2275;2214;2210;1143;1142;0;1205;1203;0;878;878;233;985;835;61;485;287;13;497;416;0;0;0;18;19;1986;1282;3;127;92;292;177;0;0;9;6;5;3;586;557;20;20;0;0;60;40;0;0;0;0;0;0;60;30;0;0;435;300;33;24;
XI;79232.0;SERRA TALHADA;4563;3640;778;8;6;332;304;84;73;21;2416;0;8689;2632;7349;2992;3180;1942;1275;927;3003;2766;3;2521;2391;7;2076;1957;126;1572;1461;201;1221;1047;15;745;658;5;19;12;387;347;4946;2635;44;272;191;1066;690;6;2;37;35;75;67;1430;1262;377;292;28;28;343;36;0;0;0;0;0;0;270;153;9;8;1270;664;128;89;
XI;15006.0;TRIUNFO;334;334;204;1;1;312;312;0;0;0;648;0;1585;566;1164;760;1126;1058;975;965;519;519;0;499;499;0;490;490;0;456;456;0;280;280;11;260;260;242;0;0;20;18;1158;858;0;80;80;134;112;1;1;0;0;0;0;261;261;4;4;2;2;48;48;0;0;0;0;0;0;94;91;0;0;123;60;30;29;

XII;37415.0;ALIANCA;945;862;112;0;0;0;0;0;0;0;53;11;7600;2228;5245;2447;4355;2645;3635;2766;1464;1262;4;1189;1104;4;883;855;45;587;556;27;471;285;5;468;240;3;0;0;30;26;2351;1001;2;205;140;312;204;0;0;10;10;15;10;587;520;0;0;9;8;150;27;0;0;0;0;0;0;83;58;10;6;840;517;53;27;
XII;8156.0;CAMUTANGA;192;184;75;0;0;0;0;0;0;0;599;0;1297;435;976;592;826;606;521;422;308;261;2;278;266;11;206;185;21;160;133;23;120;104;2;94;85;0;0;0;0;0;389;333;0;21;13;59;48;0;0;0;0;0;1;132;113;0;0;0;0;6;4;0;0;0;0;0;0;25;21;0;0;1453;1200;28;24;
XII;24282.0;CONDADO;324;294;150;0;0;0;0;20;20;20;1830;2;3636;399;2430;458;1725;640;1576;553;322;278;0;644;450;0;610;564;137;509;506;30;289;284;15;198;195;0;0;0;35;33;2259;975;45;0;0;291;228;0;0;0;0;0;0;276;274;0;0;25;25;46;41;0;0;0;0;0;0;49;38;0;0;49;30;55;53;
XII;11430.0;FERREIROS;252;242;82;0;0;0;0;0;0;0;1027;2;1354;265;1120;453;1185;880;924;757;439;409;0;444;439;4;343;341;19;232;235;21;184;170;6;129;125;0;0;0;13;12;426;388;0;43;35;97;81;1;0;0;0;0;0;227;218;0;0;0;0;0;0;0;0;0;0;0;0;48;41;0;0;7;12;23;22;
XII;75644.0;GOIANA;2621;2320;594;0;0;1982;1407;146;144;30;1157;0;8326;2143;7480;3550;7208;5062;6411;5067;2739;2440;143;2111;1912;89;1311;1192;38;926;854;59;686;536;7;554;457;20;1;1;364;313;3255;2625;6;56;42;515;346;5;5;1;1;101;70;1080;925;56;53;1;1;83;79;0;0;0;0;0;0;18;28;0;0;7824;6619;82;77;
XII;35398.0;ITAMBE;538;510;147;0;0;0;0;0;0;0;439;0;4273;1509;3591;814;3250;1003;2451;1611;1221;1161;0;1006;926;0;816;771;1;506;474;1;459;395;2;278;221;0;0;0;0;0;1881;1264;0;0;0;341;76;0;0;0;0;0;0;439;100;0;0;0;0;47;14;0;0;0;0;0;0;67;20;0;0;313;277;66;30;
XII;15692.0;ITAQUITINGA;270;235;62;0;0;0;1;0;0;0;809;0;2718;915;2244;871;1661;853;1389;1064;489;411;0;430;413;15;310;303;35;206;196;24;141;100;4;102;90;4;1;1;4;0;704;401;1;11;3;117;47;0;0;69;69;214;153;206;176;0;0;0;0;60;30;0;0;0;0;0;0;25;4;0;0;21;10;35;27;
XII;23925.0;MACAPARANA;571;477;186;0;0;0;0;26;27;23;983;0;3644;2741;2574;753;1764;871;1183;898;891;776;0;755;745;0;546;537;11;375;359;15;341;256;0;312;297;0;3;3;13;13;2036;1695;0;112;82;200;111;0;0;10;5;21;14;442;358;0;0;0;0;8;8;0;0;0;0;0;0;97;81;0;0;466;424;64;57;
XII;17000.0;SAO VICENTE FERRER;334;335;170;2;2;0;0;0;0;0;1010;2;2047;1244;1538;824;1138;1137;937;892;593;444;2;451;422;0;379;380;55;261;262;12;226;221;17;200;196;0;0;0;22;23;733;660;2;93;93;190;139;0;0;0;0;0;0;349;330;0;0;0;0;5;5;0;0;0;0;0;0;180;121;0;0;428;399;76;70;
XII;53825.0;TIMBAUBA;1284;1237;421;0;0;0;0;58;58;18;2676;2;6163;1651;5057;2093;4548;3067;3761;3424;2117;1826;4;1761;1639;87;1351;1276;267;898;832;189;699;558;51;547;476;11;16;16;5;9;2774;2358;4;327;259;418;345;4;0;41;36;63;27;944;876;91;78;4;4;54;5;0;0;4;1;1;0;187;29;0;0;708;599;177;139;


